Title,Link
,http://animalbiosciences.uoguelph.ca/animal-models-human-metabolism-nutrition-and-health
,http://animalbiosciences.uoguelph.ca/high-quality-and-value-added-animal-products
,http://animalbiosciences.uoguelph.ca/sustainable-and-ethical-animal-production-care-and-use
,http://www.uoguelph.ca/
About Us,https://animalbiosciences.uoguelph.ca/our-department
About the University,https://animalbiosciences.uoguelph.ca//www.uoguelph.ca/about.html
Academic Calendars,https://animalbiosciences.uoguelph.ca//www.uoguelph.ca/academiccalendars/
Accessibilityat University of Guelph,https://animalbiosciences.uoguelph.ca//www.uoguelph.ca/accessibility/
Animal Biosciences,https://animalbiosciences.uoguelph.ca/
Animal Models for Human Metabolism & Nutrition,http://animalbiosciences.uoguelph.ca/abscresearchanimalmodels
Animal models,https://animalbiosciences.uoguelph.ca/abscresearchanimalmodels
Arboretum,https://animalbiosciences.uoguelph.ca//www.uoguelph.ca/arboretum/
Athletics,http://gryphons.ca/
Board of Governors,https://animalbiosciences.uoguelph.ca//www.uoguelph.ca/secretariat/office-services/board-governors
Bookstore,https://animalbiosciences.uoguelph.ca//www.bookstore.uoguelph.ca
Campus Community Police,https://animalbiosciences.uoguelph.ca//www.uoguelph.ca/police/
Centres of Excellence,https://animalbiosciences.uoguelph.ca/pagecentres
Centres of excellence,https://animalbiosciences.uoguelph.ca/pagecentres
College of Arts,https://animalbiosciences.uoguelph.ca//www.uoguelph.ca/arts
College of Biological Science,https://animalbiosciences.uoguelph.ca//www.uoguelph.ca/cbs/
College of Business & Economics,https://animalbiosciences.uoguelph.ca//www.uoguelph.ca/business/
College of Engineering & Physical Sciences,https://animalbiosciences.uoguelph.ca//www.uoguelph.ca/ceps/
College of Social & Applied Human Sciences,https://animalbiosciences.uoguelph.ca//www.uoguelph.ca/csahs/
Communications & Public Affairs,https://animalbiosciences.uoguelph.ca//www.uoguelph.ca/cpa/
Community Relations,https://animalbiosciences.uoguelph.ca//www.uoguelph.ca/community/
Computing & Communications Services,https://animalbiosciences.uoguelph.ca//www.uoguelph.ca/ccs/
Contact,https://animalbiosciences.uoguelph.ca/absccontact
Contact Information Page,https://animalbiosciences.uoguelph.ca//test.aps.uoguelph.ca/absccontact
Course Offerings,https://animalbiosciences.uoguelph.ca/absccourses
Course Registering,https://animalbiosciences.uoguelph.ca/programs/course-registering
CourseLink,https://courselink.uoguelph.ca/
Department Committees,https://animalbiosciences.uoguelph.ca/about-us/department-committees-0
Directoryfor University of Guelph,https://animalbiosciences.uoguelph.ca//www.uoguelph.ca/directory/
Distance Education,http://opened.uoguelph.ca/student-resources/About-Distance-Education
Events,https://animalbiosciences.uoguelph.ca/absccalendar/month
Faculty,https://animalbiosciences.uoguelph.ca/abscfaculty
Featured videos,https://animalbiosciences.uoguelph.ca/features
Food from Thought,https://animalbiosciences.uoguelph.ca/food-thought
Graduate,https://animalbiosciences.uoguelph.ca//test.aps.uoguelph.ca/abscgra
Graduate Degrees,https://animalbiosciences.uoguelph.ca/abscgra
Graduate Research Contest,https://animalbiosciences.uoguelph.ca/research/graduate-research-contest
Graduate Studies,https://animalbiosciences.uoguelph.ca//www.uoguelph.ca/graduatestudies/
GryphMail,https://mail.uoguelph.ca/
Gryphlife,https://gryphlife.uoguelph.ca
GuelphWeather,http://weather.gc.ca/city/pages/on-5_metric_e.html
High Quality and Value-Added Animal Products,http://animalbiosciences.uoguelph.ca/pagehigh
Hospitality Services,https://animalbiosciences.uoguelph.ca//www.hospitality.uoguelph.ca
Human Resources,https://animalbiosciences.uoguelph.ca//www.uoguelph.ca/hr/
"Indigenization, Equity, Diversity, and Inclusion",https://animalbiosciences.uoguelph.ca/about-us/indigenization-equity-diversity-and-inclusion
International,https://animalbiosciences.uoguelph.ca//www.uoguelph.ca/international/
Library,https://animalbiosciences.uoguelph.ca//www.lib.uoguelph.ca
Login,https://animalbiosciences.uoguelph.ca/user/login?current=pageabscresearch
Maps,https://animalbiosciences.uoguelph.ca//www.uoguelph.ca/campus/map/
More Services,https://animalbiosciences.uoguelph.ca//www.uoguelph.ca/services/
News,https://animalbiosciences.uoguelph.ca/news
Newsletter,https://animalbiosciences.uoguelph.ca/about-us/animal-tracks-0
Ontario Agricultural College,https://animalbiosciences.uoguelph.ca//www.uoguelph.ca/oac/
Ontario Agricultural College,https://www.uoguelph.ca/oac/
Ontario Veterinary College,https://animalbiosciences.uoguelph.ca//www.ovc.uoguelph.ca/
Open Learning and Educational Support,http://opened.uoguelph.ca/
Opportunities,https://animalbiosciences.uoguelph.ca/about-us/opportunities-animal-biosciences
Our Department,https://animalbiosciences.uoguelph.ca/our-department
Overview,https://animalbiosciences.uoguelph.ca/pageabscresearch
Overview(current page),https://animalbiosciences.uoguelph.ca/pageabscresearch
People,https://animalbiosciences.uoguelph.ca/abscpeople
President,https://animalbiosciences.uoguelph.ca//www.uoguelph.ca/president/
Privacyat University of Guelph,https://animalbiosciences.uoguelph.ca//www.uoguelph.ca/web/privacy/
Programs,https://animalbiosciences.uoguelph.ca/abscundergradoverview
Research Support,https://animalbiosciences.uoguelph.ca//test.aps.uoguelph.ca/pageabscresearchsupport
Research(current page),https://animalbiosciences.uoguelph.ca/pageabscresearch
Researchat University of Guelph,http://www.uoguelph.ca/research/
Ridgetown Campus,http://www.ridgetownc.uoguelph.ca/
Senate,https://animalbiosciences.uoguelph.ca//www.uoguelph.ca/secretariat/office-services/senate
Senior Administration,https://animalbiosciences.uoguelph.ca//www.uoguelph.ca/president/senior-administration
Site Mapfor University of Guelph,https://animalbiosciences.uoguelph.ca//www.uoguelph.ca/sitemap/
Student Affairs,https://animalbiosciences.uoguelph.ca//www.uoguelph.ca/studentaffairs/
Student Housing Services,http://housing.uoguelph.ca
Sustainability,https://animalbiosciences.uoguelph.ca/abscresearchsustainable
Sustainable and Ethical Animal Production and Use,http://animalbiosciences.uoguelph.ca/abscresearchsustainable
Undergraduate,https://animalbiosciences.uoguelph.ca//test.aps.uoguelph.ca/abscundergradoverview
Undergraduate Admissions,https://animalbiosciences.uoguelph.ca//www.uoguelph.ca/admissions/
Undergraduate Degrees,https://animalbiosciences.uoguelph.ca/abscundergradoverview
Undergraduate Research Opportunities,https://animalbiosciences.uoguelph.ca/programs/undergraduate-research-opportunities
University of Guelph-Humber,http://www.guelphhumber.ca/
UofG email,https://mail.uoguelph.ca/
Value-added products,https://animalbiosciences.uoguelph.ca/pagehigh
WebAdvisor,https://animalbiosciences.uoguelph.ca//webadvisor.uoguelph.ca/
© University of Guelph,https://animalbiosciences.uoguelph.ca//www.uoguelph.ca/web/terms/
